symbol,name,asset_class,aum_mm,aum_usd,ytd_return_pct,avg_volume_3m,prev_close,one_day_change_pct
MUU,Direxion Daily MU Bull 2X ETF,Equity,4454.36,4454360000.0,604.04,34781472.0,35.14,
TSLL,Direxion Daily TSLA Bull 2X ETF,Equity,4122.13,4122130000.0,-44.83,80861696.0,10.31,
NVDL,GraniteShares 2x Long NVDA Daily ETF,Equity,3820.08,3820080000.0,36.93,13188654.0,40.17,
SNXX,Tradr 2X Long SNDK Daily ETF,Equity,1943.88,1943880000.0,,84538200.0,15.19,
AMDL,GraniteShares 2x Long AMD Daily ETF,Equity,1486.0,1486000000.0,470.8,2729109.0,88.76,
NVDY,YieldMax NVDA Option Income Strategy ETF,Equity,1458.19,1458190000.0,21.83,1990167.0,13.05,
GGLL,Direxion Daily GOOGL Bull 2X ETF,Equity,1128.18,1128180000.0,6.54,1396174.0,101.42,
MSTY,YieldMax MSTR Option Income Strategy ETF,Equity,1111.19,1111190000.0,-19.04,1942695.0,16.77,
FTQI,First Trust Nasdaq BuyWrite Income ETF,Equity,1007.76,1007760000.0,17.25,364968.0,22.35,
MSTU,T-Rex 2X Long MSTR Daily Target ETF,Equity,894.66,894660000.0,-45.01,9073892.0,45.7,
MULL,GraniteShares 2x Long MU Daily ETF,Equity,713.38,713380000.0,581.51,6777773.0,24.45,
TSLY,YieldMax TSLA Option Income Strategy ETF,Equity,703.2,703200000.0,-11.9,472050.0,22.7,
TSMX,Direxion Daily TSM Bull 2X ETF,Equity,612.1,612100000.0,105.87,592914.0,100.52,
CONL,GraniteShares 2x Long COIN Daily ETF,Equity,590.4,590400000.0,-61.3,21761052.0,5.67,
NVDU,Direxion Daily NVDA Bull 2X ETF,Equity,576.67,576670000.0,37.39,328842.0,159.26,
METU,Direxion Daily META Bull 2X ETF,Equity,553.48,553480000.0,0.8,5822859.0,31.73,
MSFU,Direxion Daily MSFT Bull 2X ETF,Equity,551.58,551580000.0,2.86,4681521.0,41.8,
INTW,GraniteShares 2x Long INTC Daily ETF,Equity,531.15,531150000.0,406.33,4714815.0,27.31,
NVDX,T-Rex 2X Long NVIDIA Daily Target ETF,Equity,512.95,512950000.00000006,32.07,5773164.0,22.61,
AMDY,YieldMax AMD Option Income Strategy ETF,Equity,477.91,477910000.0,74.53,349439.0,53.23,
PLTU,Direxion Daily PLTR Bull 2X ETF,Equity,444.14,444140000.0,-17.91,1765123.0,59.25,
MVLL,GraniteShares 2x Long MRVL Daily ETF,Equity,414.15,414150000.0,485.73,3435270.0,42.03,
MSTX,Defiance Daily Target 2x Long MSTR ETF,Equity,390.22,390220000.0,-45.53,8156744.0,20.97,
CONY,YieldMax COIN Option Income Strategy ETF,Equity,388.07,388070000.0,-17.89,515805.0,19.83,
PLTY,YieldMax PLTR Option Income Strategy ETF,Equity,370.8,370800000.0,7.29,205009.0,37.2,
PTIR,GraniteShares 2x Long PLTR Daily ETF,Equity,361.18,361180000.0,-17.17,3936285.0,22.14,
AMZU,Direxion Daily AMZN Bull 2X ETF,Equity,343.85,343850000.0,4.41,2469289.0,35.89,
GDXY,YieldMax Gold Miners Option Income Strategy ETF,Equity,309.1,309100000.0,-7.77,697217.0,10.03,
AVL,Direxion Daily AVGO Bull 2X ETF,Equity,306.4,306400000.0,-6.05,895183.0,40.75,
ORCX,Defiance Daily Target 2X Long ORCL ETF,Equity,241.71,241710000.0,-60.67,2948036.0,20.33,
ASTX,Tradr 2X Long ASTS Daily ETF,Equity,238.08,238080000.0,-73.31,4326406.0,10.92,
AVGX,Defiance Daily Target 2X Long AVGO ETF,Equity,230.38,230380000.0,-8.23,707979.0,43.03,
MRNY,YieldMax MRNA Option Income Strategy ETF,Equity,227.18,227180000.0,343.01,312148.0,38.69,
GOOY,YieldMax GOOGL Option Income Strategy ETF,Equity,226.46,226460000.0,8.92,319479.0,12.1,
DLLL,GraniteShares 2x Long DELL Daily ETF,Equity,216.49,216490000.0,1185.73,1850914.0,36.87,
AMZY,YieldMax AMZN Option Income Strategy ETF,Equity,213.73,213730000.0,5.13,265555.0,10.48,
RKLX,Defiance Daily Target 2X Long RKLB ETF,Equity,206.48,206480000.0,-50.57,2789802.0,19.67,
NOWL,GraniteShares 2x Long NOW Daily ETF,Equity,190.96,190960000.0,-47.97,11283234.0,7.45,
SMCX,Defiance Daily Target 2X Long SMCI ETF,Equity,187.68,187680000.0,-33.11,6155629.0,15.25,
FBL,GraniteShares 2x Long META Daily ETF,Equity,186.75,186750000.0,1.32,1185458.0,32.94,
AMDW,Roundhill AMD WeeklyPay ETF,Equity,175.32,175320000.0,251.15,94750.0,107.66,
IONX,Defiance Daily Target 2X Long IONQ ETF,Equity,174.27,174270000.0,-59.17,1130694.0,26.58,
NBIL,GraniteShares 2x Long NBIS Daily ETF,Equity,167.48,167480000.0,223.98,3925367.0,29.27,
AAPU,Direxion Daily AAPL Bull 2X ETF,Equity,164.31,164310000.0,34.13,1671262.0,44.32,
TSLT,T- REX 2X Long Tesla Daily Target ETF,Equity,163.79,163790000.0,-45.9,2425542.0,14.45,
HOOY,YieldMax HOOD Option Income Strategy ETF,Equity,160.12,160120000.0,-4.07,137394.0,26.77,
CRWG,Leverage Shares 2X Long CRWV Daily ETF,Equity,154.62,154620000.0,-25.98,1745377.0,20.06,
AMUU,Direxion Daily AMD Bull 2X ETF,Equity,149.01,149010000.0,479.57,77214.0,314.29,
SMCY,YieldMax SMCI Option Income Strategy ETF,Equity,147.87,147870000.0,22.38,1074430.0,5.55,
HOOW,Roundhill HOOD WeeklyPay ETF,Equity,146.66,146660000.0,-8.8,198848.0,26.39,
PLTW,Roundhill PLTR WeeklyPay ETF,Equity,131.92,131919999.99999999,1.36,158173.0,25.15,
NVII,REX NVDA Growth & Income ETF,Equity,128.75,128750000.0,30.01,106298.0,25.91,
NFXL,Direxion Daily NFLX Bull 2X ETF,Equity,128.24,128240000.00000001,-55.26,1334018.0,13.45,
NVDW,Roundhill NVDA WeeklyPay ETF,Equity,124.39,124390000.0,28.62,50194.0,39.08,
ROBN,T-Rex 2X Long HOOD Daily Target ETF,Equity,124.35,124350000.0,-41.23,780198.0,31.82,
FBY,YieldMax META Option Income Strategy ETF,Equity,120.1,120100000.0,2.48,158059.0,9.63,
APLY,YieldMax AAPL Option Income Strategy ETF,Equity,119.21,119210000.0,10.45,99082.0,11.75,
BABX,GraniteShares 2x Long BABA Daily ETF,Equity,116.72,116720000.0,-53.66,845238.0,16.7,
TSMY,YieldMax TSM Option Income Strategy ETF,Equity,116.26,116260000.0,46.0,151771.0,16.32,
CRCG,Leverage Shares 2X Long CRCL Daily ETF,Equity,115.87,115870000.0,-52.35,3655670.0,12.39,
ARMG,Leverage Shares 2X Long ARM Daily ETF,Equity,114.59,114590000.0,300.18,1032071.0,22.81,
HOOG,Leverage Shares 2X Long HOOD Daily ETF,Equity,108.98,108980000.0,-41.52,398061.0,31.78,
OKLL,Defiance Daily Target 2x Long OKLO ETF,Equity,106.66,106660000.0,-87.74,2479068.0,10.28,
CRCA,ProShares Ultra CRCL,Equity,102.32,102320000.0,,,,
CRMG,Leverage Shares 2X Long CRM Daily ETF,Equity,93.86,93860000.0,-45.0,3489447.0,7.54,
MSTW,Roundhill MSTR WeeklyPay ETF,Equity,91.05,91050000.0,-3.58,1064177.0,5.26,
NVDG,Leverage Shares 2X Long NVDA Daily ETF,Equity,90.73,90730000.0,35.79,216950.0,22.88,
TSLQ,Tradr 2X Short TSLA Daily ETF New Oct 2025,Equity,88.97,88970000.0,-7.82,5653097.0,16.74,
MSFO,YieldMax MSFT Option Income Strategy ETF,Equity,85.87,85870000.0,7.15,95814.0,12.65,
CRWL,GraniteShares 2x Long CRWD Daily ETF,Equity,84.12,84120000.0,276.15,149861.0,115.88,
LLYX,Defiance Daily Target 2X Long LLY ETF,Equity,82.44,82440000.0,-4.35,304047.0,24.38,
GOOW,Roundhill GOOGL WeeklyPay ETF,Equity,82.38,82380000.0,8.8,26736.0,59.5,
IONL,GraniteShares 2x Long IONQ Daily ETF,Equity,81.78,81780000.0,-55.33,707353.0,14.72,
LABX,Tradr 2X Long ALAB Daily ETF,Equity,80.47,80470000.0,134.99,1239527.0,17.9,
TSLR,GraniteShares 2x Long TSLA Daily ETF,Equity,80.14,80140000.0,-43.97,1360638.0,17.94,
CWVX,Tradr 2X Long CRWV Daily ETF,Equity,79.65,79650000.0,-23.5,1191245.0,16.73,
SPCU,Defiance Daily Target 2X Long SpaceX ETF,Equity,78.72,78720000.0,,2152306.0,17.16,
AMDG,Leverage Shares 2X Long AMD Daily ETF,Equity,77.83,77830000.0,468.27,49935.0,150.54,
TSLW,Roundhill TSLA WeeklyPay ETF,Equity,77.58,77580000.0,-22.49,84027.0,18.35,
APPX,Tradr 2X Long APP Daily ETF,Equity,76.66,76660000.0,-90.69,1411541.0,9.9,
ASMG,Leverage Shares 2X Long ASML Daily ETF,Equity,70.34,70340000.0,125.3,56058.0,50.9,
MSTZ,T-Rex 2X Inverse MSTR Daily Target ETF,Equity,69.96,69960000.0,-86.33,26357312.0,2.35,
SNOY,YieldMax SNOW Option Income Strategy ETF,Equity,68.87,68870000.0,47.47,160162.0,11.21,
MSFL,GraniteShares 2x Long MSFT Daily ETF,Equity,66.17,66170000.0,2.99,854003.0,28.0,
GOOX,T-Rex 2X Long Alphabet Daily Target ETF,Equity,64.69,64690000.0,3.38,103911.0,72.14,
SNK,GraniteShares 2x Short SpaceX Daily ETF,Equity,64.3,64300000.0,,2777329.0,10.79,
NVD,GraniteShares 2x Short NVDA Daily ETF,Equity,63.91,63910000.0,-53.85,79323712.0,3.3,
UNHG,Leverage Shares 2X Long UNH Daily ETF,Equity,63.69,63690000.0,6.61,654683.0,17.9,
RDTL,GraniteShares 2x Long RDDT Daily ETF,Equity,63.38,63380000.0,-75.56,761742.0,12.27,
TSYY,GraniteShares YieldBOOST TSLA ETF,Equity,58.22,58220000.0,-27.41,26045.0,19.7,
HIMZ,Defiance Daily Target 2X Long HIMS ETF,Equity,57.69,57690000.0,-67.01,356889.0,26.74,
QBTX,Tradr 2X Long QBTS Daily ETF,Equity,56.53,56530000.0,-84.48,499686.0,20.54,
AVGG,Leverage Shares 2X Long AVGO Daily ETF,Equity,56.15,56150000.0,-7.42,291774.0,25.08,
MARO,YieldMax MARA Option Income Strategy ETF,Equity,56.04,56040000.0,-7.17,486195.0,3.76,
TSLG,Leverage Shares 2X Long TSLA Daily ETF,Equity,55.79,55790000.0,-44.63,43385896.0,5.16,
QCML,GraniteShares 2x Long QCOM Daily ETF,Equity,54.37,54370000.0,-17.5,564755.0,17.57,
SOFX,Defiance Daily Target 2X Long SOFI ETF,Equity,53.91,53910000.0,-75.57,1259198.0,6.94,
WNTR,YieldMax MSTR Short Option Income Strategy ETF,Equity,53.78,53780000.0,-35.11,166518.0,14.65,
PLTG,Leverage Shares 2X Long PLTR Daily ETF,Equity,53.31,53310000.0,-20.04,215324.0,20.92,
PALU,Direxion Daily PANW Bull 2X ETF,Equity,52.36,52360000.0,292.6,122658.0,69.6,
SMCL,GraniteShares 2x Long SMCI Daily ETF,Equity,52.28,52280000.0,-28.92,809106.0,21.42,
TSMU,GraniteShares 2x Long TSM Daily ETF,Equity,52.13,52130000.0,98.76,56885.0,87.11,
AVGW,Roundhill AVGO WeeklyPay ETF,Equity,49.85,49850000.0,4.69,27345.0,34.47,
LRCU,Tradr 2X Long LRCX Daily ETF,Equity,49.38,49380000.0,150.47,93782.0,56.44,
TEMT,Tradr 2X Long TEM Daily ETF,Equity,48.68,48680000.0,-14.7,235203.0,29.3,
COIW,Roundhill COIN WeeklyPay ETF,Equity,47.91,47910000.0,-25.86,203203.0,8.68,
AIYY,YieldMax AI Option Income Strategy ETF,Equity,46.89,46890000.0,-56.96,82203.0,7.48,
SPAL,GraniteShares 2x Long SpaceX Daily ETF,Equity,46.37,46370000.0,,1346898.0,21.97,
AMZZ,GraniteShares 2x Long AMZN Daily ETF,Equity,45.68,45680000.0,7.05,134977.0,33.69,
TSLS,Direxion Daily TSLA Bear 1X ETF,Equity,44.7,44700000.0,5.65,325002.0,53.26,
VRTL,GraniteShares 2x Long VRT Daily ETF,Equity,43.1,43100000.0,50.54,188868.0,24.94,
SMU,Tradr 2X Long SMR Daily ETF,Equity,42.71,42710000.0,-86.8,481681.0,16.36,
AAPW,Roundhill AAPL WeeklyPay ETF,Equity,41.64,41640000.0,22.64,14962.0,40.44,
MRAL,GraniteShares 2x Long MARA Daily ETF,Equity,40.93,40930000.0,-25.9,123203.0,34.01,
GEVX,Tradr 2X Long GEV Daily ETF,Equity,40.57,40570000.0,95.06,183927.0,20.15,
AVGU,GraniteShares 2x Long AVGO Daily ETF,Equity,39.91,39910000.0,-7.08,149177.0,32.02,
BRKU,Direxion Daily BRKB Bull 2X ETF,Equity,39.51,39510000.0,-7.2,91645.0,22.72,
NVOX,Defiance Daily Target 2X Long NVO ETF,Equity,38.57,38570000.0,-58.06,424765.0,9.18,
XOMO,YieldMax XOM Option Income Strategy ETF,Equity,38.53,38530000.0,21.71,58509.0,11.0,
TSMG,Leverage Shares 2X Long TSM Daily ETF,Equity,38.03,38030000.0,105.04,69830.0,48.68,
PLTZ,Defiance Daily Target 2x Short PLTR ETF,Equity,34.05,34050000.0,-69.67,3207265.0,7.52,
ADBG,Leverage Shares 2X Long ADBE Daily ETF,Equity,33.94,33940000.0,-64.09,4307720.0,3.67,
AMZW,Roundhill AMZN WeeklyPay ETF,Equity,33.69,33690000.0,8.75,15474.0,35.2,
CCUP,T- REX 2X Long CRCL Daily Target ETF,Equity,33.61,33610000.0,-49.61,421632.0,21.87,
NFLY,YieldMax NFLX Option Income Strategy ETF,Equity,33.48,33479999.999999996,-28.12,62950.0,6.69,
OARK,YieldMax Innovation Option Income Strategy ETF,Equity,33.04,33040000.0,11.76,7779.0,30.17,
MST,Defiance Leveraged Long Income MSTR ETF,Equity,32.89,32890000.0,-42.9,104698.0,16.74,
TSII,REX TSLA Growth & Income ETF,Equity,32.11,32110000.0,-20.7,60786.0,13.58,
RGTX,Defiance Daily Target 2X Long RGTI ETF,Equity,31.87,31870000.0,-82.16,885885.0,8.67,
MUD,Direxion Daily MU Bear 1X ETF,Equity,31.25,31250000.0,-83.71,9069898.0,9.25,
HOOX,Defiance Daily Target 2X Long HOOD ETF,Equity,31.21,31210000.0,-42.34,42191.0,35.76,
CRWU,T- REX 2X Long CRWV Daily Target ETF,Equity,30.59,30590000.0,-22.62,465961.0,38.92,
MSFW,Roundhill MSFT WeeklyPay ETF,Equity,30.05,30050000.0,8.19,12985.0,33.73,
UBRL,GraniteShares 2x Long UBER Daily ETF,Equity,29.61,29610000.0,-38.78,223591.0,12.99,
FIAT,YieldMax Short COIN Option Income Strategy ETF,Equity,29.58,29580000.0,-35.0,68959.0,15.42,
METW,Roundhill META WeeklyPay ETF,Equity,28.45,28450000.0,9.69,17830.0,29.53,
TSDD,GraniteShares 2x Short TSLA Daily ETF,Equity,27.99,27990000.0,-9.31,10312076.0,7.01,
RIOX,Defiance Daily Target 2X Long RIOT ETF,Equity,27.36,27360000.0,-4.4,273394.0,20.22,
GOOP,Kurv Yield Premium Strategy Google ( GOOGL ) ETF,Equity,26.98,26980000.0,3.11,11565.0,36.1,
PLTD,Direxion Dailly PLTR Bear 1X ETF,Equity,26.85,26850000.0,-27.82,31593342.0,4.66,
NVYY,GraniteShares YieldBOOST NVDA ETF,Equity,26.13,26130000.0,-0.42,33611.0,11.35,
GMEU,T- REX 2X Long GME Daily Target ETF,Equity,25.92,25920000.0,4.59,570803.0,9.11,
TSLZ,T-Rex 2X Inverse Tesla Daily Target ETF,Equity,25.9,25900000.0,-11.08,2222926.0,10.55,
SNOU,T- REX 2X Long SNOW Daily Target ETF,Equity,25.52,25520000.0,57.64,74726.0,65.75,
BOEU,Direxion Daily BA Bull 2X ETF,Equity,23.9,23900000.0,-35.45,54847.0,24.35,
QCMU,Direxion Daily QCOM Bull 2X ETF,Equity,23.35,23350000.0,-18.2,130148.0,21.77,
NFLU,T-Rex 2X Long NFLX Daily Target ETF,Equity,23.2,23200000.0,-56.26,232824.0,14.19,
AMDD,Direxion Daily AMD Bear 1X ETF,Equity,22.65,22650000.0,-74.75,775630.0,21.18,
PANG,Leverage Shares 2X Long PANW Daily ETF,Equity,21.74,21740000.0,287.05,45273.0,42.86,
ELIL,Direxion Daily LLY Bull 2X ETF,Equity,21.5,21500000.0,-1.46,85442.0,27.57,
SMST,Defiance Daily Target 2x Short MSTR ETF,Equity,20.44,20440000.0,-87.6,879498.0,11.51,
AAPD,Direxion Daily AAPL Bear 1X ETF,Equity,20.35,20350000.0,-19.21,9453198.0,10.28,
CVNY,YieldMax CVNA Option Income Strategy ETF,Equity,20.02,20020000.0,-21.06,21948.0,17.75,
MSTP,GraniteShares 2x Long MSTR Daily ETF,Equity,20.01,20010000.0,-41.09,67014.0,32.28,
MSFX,T-Rex 2X Long Microsoft Daily Target ETF,Equity,19.69,19690000.0,1.46,167203.0,27.75,
XYZY,YieldMax XYZ Option Income Strategy ETF,Equity,19.19,19190000.0,1.28,11180.0,23.15,
QUBX,Tradr 2X Long QUBT Daily ETF,Equity,18.4,18400000.0,-72.15,55071.0,24.36,
GOU,GraniteShares 2x Long GOOGL Daily ETF,Equity,18.07,18070000.0,4.86,137708.0,25.61,
VSTL,Defiance Daily Target 2X Long VST ETF,Equity,17.92,17920000.0,-29.45,140444.0,26.5,
TSLP,Kurv Yield Prem Strategy Tesla ETF,Equity,17.91,17910000.0,-21.3,11844.0,15.63,
AMZP,Kurv Yield Prem Strategy Amazon ETF,Equity,17.39,17390000.0,3.02,8018.0,25.69,
AAPB,GraniteShares 2x Long AAPL Daily ETF,Equity,17.33,17330000.0,35.73,57332.0,43.52,
COYY,GraniteShares YieldBOOST COIN ETF,Equity,16.94,16940000.0,-41.06,21585.0,14.45,
UPSX,Tradr 2X Long UPST Daily ETF,Equity,16.77,16770000.0,-81.17,64056.0,9.32,
CSCL,Direxion Daily CSCO Bull 2X ETF,Equity,16.34,16340000.0,100.65,45627.0,59.34,
TESL,Simplify Volt TSLA Revolution ETF,Equity,15.8,15800000.0,-16.18,5532.0,14.46,
CEGX,Tradr 2X Long CEG Daily ETF,Equity,15.56,15560000.0,-43.33,123274.0,15.85,
PYPG,Leverage Shares 2X Long PYPL Daily ETF,Equity,15.11,15110000.0,-33.51,465791.0,7.41,
KPDD,KraneShares 2x Long PDD Daily ETF,Equity,14.68,14680000.0,-60.22,119730.0,4.57,
BRKW,Roundhill BRKB WeeklyPay ETF,Equity,14.11,14110000.0,-2.52,3344.0,38.22,
METD,Direxion Daily META Bear 1X ETF,Equity,14.11,14110000.0,-19.49,783498.0,12.58,
SHPU,Direxion Daily SHOP Bull 2X ETF,Equity,14.0,14000000.0,-29.04,134815.0,20.38,
NVDQ,T-Rex 2X Inverse NVIDIA Daily Target ETF,Equity,13.98,13980000.0,-55.77,4832618.0,7.43,
NVDD,Direxion Daily NVDA Bear 1X ETF,Equity,13.69,13690000.0,-26.05,187450.0,27.48,
CRSH,YieldMax Short TSLA Option Income Strategy ETF,Equity,13.68,13680000.0,-8.2,14898.0,18.69,
BABO,YieldMax BABA Option Income Strategy ETF,Equity,13.54,13540000.0,-24.93,39576.0,7.14,
PYPY,YieldMax PYPL Option Income Strategy ETF,Equity,13.18,13180000.0,-21.28,21048.0,25.85,
GGLS,Direxion Daily GOOGL Bear 1X ETF,Equity,13.14,13140000.0,-8.75,207782.0,57.56,
TSL,GraniteShares 1.25x Long TSLA Daily ETF,Equity,12.91,12910000.0,-22.83,488570.0,14.43,
AMZD,Direxion Daily AMZN Bear 1X ETF,Equity,12.59,12590000.0,-14.01,11534947.0,8.51,
RVNL,GraniteShares 2x Long RIVN Daily ETF,Equity,12.23,12230000.0,-64.98,102674.0,19.8,
CONI,GraniteShares 2x Short COIN Daily ETF,Equity,12.03,12030000.0,-64.66,297258.0,24.11,
MSFY,Kurv Yield Premium Strategy Microsoft ( MSFT ) ETF,Equity,11.98,11980000.0,0.08,9494.0,21.56,
RBLU,T- REX 2X Long RBLX Daily Target ETF,Equity,11.1,11100000.0,-83.56,493323.0,4.79,
COIG,Leverage Shares 2X Long COIN Daily ETF,Equity,11.05,11050000.0,-61.74,180027.0,5.54,
DIPS,YieldMax Short NVDA Option Income Strategy ETF,Equity,10.71,10710000.0,-28.29,5194.0,30.19,
ISUL,GraniteShares 2x Long ISRG Daily ETF,Equity,10.43,10430000.0,-57.16,83492.0,16.15,
BOEG,Leverage Shares 2X Long BA Daily ETF,Equity,10.15,10150000.0,-35.89,68150.0,9.7,
AMYY,GraniteShares YieldBOOST AMD ETF,Equity,10.07,10070000.0,13.53,24074.0,13.69,
NVDS,Tradr 1.5X Short NVDA Daily ETF,Equity,10.03,10030000.0,-41.09,307989.0,16.5,
AVS,Direxion Daily AVGO Bear 1X ETF,Equity,9.37,9370000.0,-17.35,12493847.0,7.69,
DJTU,T- REX 2X Long DJT Daily Target ETF,Equity,9.33,9330000.0,-73.97,39118.0,10.23,
HOYY,GraniteShares YieldBOOST HOOD ETF,Equity,8.93,8930000.0,-30.79,36055.0,4.65,
MSFD,Direxion Daily MSFT Bear 1X ETF,Equity,8.77,8770000.0,-13.93,1500508.0,9.67,
AAPX,T-Rex 2X Long Apple Daily Target ETF,Equity,8.77,8770000.0,31.04,62018.0,39.94,
AAPY,Kurv Yield Premium Strategy Apple ( AAPL ) ETF,Equity,8.28,8279999.999999999,21.85,6170.0,27.64,
RGTU,Tradr 2X Long RGTI Daily ETF,Equity,8.22,8220000.000000001,-78.41,90912.0,9.74,
BRKC,YieldMax BRK .B Option Income Strategy ETF,Equity,7.89,7890000.0,-0.31,4670.0,39.55,
KMLI,KraneShares 2x Long MELI Daily ETF,Equity,7.68,7680000.0,-32.77,65189.0,9.28,
ANV,GraniteShares Autocallable NVDA ETF,Equity,7.64,7640000.0,,6220.0,25.55,
NFLW,Roundhill NFLX WeeklyPay ETF,Equity,7.22,7220000.0,-33.4,13673.0,13.93,
SOUX,Defiance Daily Target 2X Long SOUN ETF,Equity,7.05,7050000.0,-82.92,94056.0,7.44,
IONZ,Defiance Daily Target 2x Short IONQ ETF,Equity,6.97,6970000.0,-90.82,819106.0,20.82,
PDDL,GraniteShares 2x Long PDD Daily ETF,Equity,6.52,6520000.0,-61.64,28409.0,10.8,
XOMX,Direxion Daily XOM Bull 2X ETF,Equity,6.04,6040000.0,70.4,20474.0,48.62,
SMYY,GraniteShares YieldBOOST SMCI ETF,Equity,6.02,6020000.0,-1.28,24435.0,5.98,
TLA,GraniteShares Autocallable TSLA ETF,Equity,6.01,6010000.0,,4830.0,25.14,
PLA,GraniteShares Autocallable PLTR ETF,Equity,5.96,5960000.0,,4355.0,25.99,
ARMH,Arm Holdings PLC ADRhedged,Equity,5.96,5960000.0,178.48,20486.0,12.88,
SMUP,T- REX 2X Long SMR Daily Target ETF,Equity,5.82,5820000.0,-98.59,205835.0,3.28,
LMTL,Direxion Daily LMT Bull 2X ETF,Equity,5.77,5770000.0,-0.74,20015.0,29.25,
ASMH,ASML Holding NV ADRhedged,Equity,5.71,5710000.0,78.24,13273.0,12.75,
RBLY,YieldMax RBLX Option Income Strategy ETF,Equity,5.68,5680000.0,-48.87,18708.0,9.24,
RTYY,GraniteShares YieldBoost RIOT ETF,Equity,5.59,5590000.0,-11.59,31500.0,7.6,
HSBH,HSBC Holdings plc ADRhedged,Equity,5.42,5420000.0,29.29,9130.0,109.01,
ARCX,Tradr 2X Long ACHR Daily ETF,Equity,5.31,5310000.0,-76.17,42536.0,8.54,
BULG,Leverage Shares 2X Long BULL Daily ETF,Equity,5.09,5090000.0,-47.22,5877.0,34.1,
MAAY,GraniteShares YieldBOOST MARA ETF,Equity,4.87,4870000.0,-24.77,41850.0,4.69,
NFLP,Kurv Yield Prem Stratgey Netflix ETF,Equity,4.83,4830000.0,-34.57,4135.0,15.87,
AHD,GraniteShares Autocallable HOOD ETF,Equity,4.77,4770000.0,,5758.0,26.59,
SHEH,Shell plc ADRhedged,Equity,4.27,4270000.0,36.35,7809.0,71.61,
AALG,Leverage Shares 2X Long AAL Daily ETF,Equity,4.15,4150000.0000000005,-44.78,40918.0,9.78,
IOYY,GraniteShares YieldBOOST IONQ ETF,Equity,4.08,4080000.0,-26.9,25548.0,5.76,
NFXS,Direxion Daily NFLX Bear 1X ETF,Equity,3.91,3910000.0,29.28,23738.0,21.93,
TSLI,ProShares Ultra TSLA ETF,Equity,3.81,3810000.0,-57.25,13090.0,19.98,
NVOH,Novo Nordisk A/S (B Shares) ADRhedged,Equity,3.61,3610000.0,-19.52,1394.0,21.08,
SCA,GraniteShares Autocallable SMCI ETF,Equity,3.17,3170000.0,,3233.0,26.52,
RGYY,GraniteShares YieldBoost RGTI ETF,Equity,3.06,3060000.0,-36.11,17962.0,5.56,
QCMD,Direxion Daily QCOM Bear 1X ETF,Equity,2.8,2800000.0,-24.63,20877.0,16.0,
MRA,GraniteShares Autocallable MARA ETF,Equity,2.74,2740000.0,,2726.0,22.76,
KBAB,KraneShares 2x Long BABA Daily ETF,Equity,2.68,2680000.0,-54.38,20147.0,6.51,
DRAY,YieldMax DKNG Option Income Strategy ETF,Equity,2.58,2580000.0,-44.32,8226.0,11.57,
RTXG,Leverage Shares 2X Long RTX Daily ETF,Equity,2.55,2550000.0,-11.33,14218.0,20.15,
PALD,Direxion Daily PANW Bear 1X ETF,Equity,2.49,2490000.0,-62.79,102392.0,8.75,
TSMZ,Direxion Daily TSM Bear 1X ETF,Equity,2.36,2360000.0,-42.67,97371.0,6.78,
AZYY,GraniteShares YieldBoost AMZN ETF,Equity,2.3,2300000.0,-4.27,2627.0,14.39,
QBY,GraniteShares YieldBoost QBTS ETF,Equity,2.23,2230000.0,-40.24,12758.0,5.45,
PUL,GraniteShares 2x Long P Daily ETF,Equity,2.21,2210000.0,,,77.05,
PLYY,GraniteShares YieldBOOST PLTR ETF,Equity,2.2,2200000.0,-25.19,5835.0,8.18,
BPH,BP p.l.c. ADRhedged,Equity,2.13,2130000.0,34.31,847.0,71.41,
STHH,STMicroelectronics NV ADRhedged,Equity,2.13,2130000.0,137.88,11956.0,12.01,
CRY,GraniteShares YieldBOOST CRCL ETF,Equity,2.04,2040000.0,,10011.0,15.73,
CSCS,Direxion Daily CSCO Bear 1X ETF,Equity,2.01,2009999.9999999998,-39.83,14082.0,12.79,
BBUL,GraniteShares 2x Long BB Daily ETF,Equity,1.54,1540000.0,,,15.57,
MTYY,GraniteShares YieldBOOST MSTR ETF,Equity,1.31,1310000.0,-28.86,1370.0,17.57,
XYZG,Leverage Shares 2X Long XYZ Daily ETF,Equity,1.23,1230000.0,4.91,8233.0,15.46,
CWY,GraniteShares YieldBOOST CRWV ETF,Equity,1.07,1070000.0,,2936.0,15.47,
SMCZ,Defiance Daily Target 2X Short SMCI ETF,Equity,1.05,1050000.0,-96.48,1968755.0,4.09,
ATC,GraniteShares Autocallable COIN ETF,Equity,1.01,1010000.0,,229.0,25.15,
TMH,Toyota Motor Corporation ADRhedged,Equity,0.97,970000.0,-9.88,352.0,48.99,
TMYY,GraniteShares YieldBOOST TSM ETF,Equity,0.88,880000.0,,2189.0,22.08,
SAPH,SAP SE ADRhedged,Equity,0.78,780000.0,-7.38,673.0,39.54,
HMYY,GraniteShares YieldBoost HIMS ETF,Equity,0.76,760000.0,-43.19,4632.0,5.43,
GSKH,GSK plc ADRhedged,Equity,0.66,660000.0,-1.13,339.0,66.27,
BBYY,GraniteShares YieldBOOST BABA ETF,Equity,0.61,610000.0,-23.45,1852.0,8.73,
MSR,GraniteShares Autocallable MSTR ETF,Equity,0.59,590000.0,,329.0,14.9,
SMCC,Corgi SMCI 2x Daily ETF,Equity,0.46,460000.0,,1485.0,46.11,
FBYY,GraniteShares YieldBOOST META ETF,Equity,0.32,320000.0,-28.31,2206.0,10.68,
